aum,sharpe_net,return_net_annual,impact_bps_annual,spread_bps_annual,max_participation,clipped_share,status
1000000,-1.069116426,-0.1299100267,926.4995096,1721.04636,0.03071134959,0,exact
3000000,-1.628882695,-0.1977344981,1604.744224,1721.04636,0.09213404878,0,exact
10000000,-2.712496391,-0.3296284261,2923.683504,1721.04636,0.3071134959,0.04118873827,minorant
30000000,-4.312818416,-0.5281088472,4908.487714,1721.04636,0.9213404878,0.2703336809,minorant
100000000,-6.748010329,-0.8415482717,8042.88196,1721.04636,3.071134959,0.4777111575,minorant
300000000,-9.430386004,-1.203513792,11662.53716,1721.04636,9.213404878,0.889468196,minorant
1000000000,-11.94209206,-1.567305101,15300.45025,1721.04636,30.71134959,0.9998696559,minorant
3000000000,-13.47565961,-1.804437385,17671.77309,1721.04636,92.13404878,1,minorant
1e+10,-14.3855678,-1.947735583,19104.75507,1721.04636,307.1134959,1,minorant
