weighting,signal_variant,n_months,net_annual_pct,net_sharpe,net_tstat,skewness,annual_turnover
rank,carry,664,3.789027336418653,0.5170054539237925,3.4233323575824954,-0.5703300001557495,4.296421090207736
rank,carry1_12,653,2.6275976180501335,0.3698136934798169,2.3816937762883215,-0.5524209720540831,1.9880485200764308
rank,carry2_13,652,2.293597030981294,0.32334454679152375,2.079491779710351,-0.601276298522997,1.9678731078677774
sign,carry,664,2.6261165564815228,0.2579871731346143,1.8344771108938245,-0.04809313411702982,2.905421753522841
sign,carry1_12,653,2.2213565019668478,0.22247330702994705,1.5778129765908133,-0.03677310598295737,1.7408790713323001
sign,carry2_13,652,2.389361836314326,0.2428888156168911,1.7425105127587472,-0.09423530562552714,1.7079028244279688
tercile,carry,664,3.9266792777202264,0.47311373935339024,3.175867538254102,-0.6740186384280852,5.105999942454453
tercile,carry1_12,653,3.208755530723497,0.3997387115234408,2.590298259237915,-0.6219113995591671,2.248971448725483
tercile,carry2_13,652,2.9044102613986165,0.3607754481297935,2.3805553185599737,-0.6747712106459796,2.2267271573976917
